adjusted_timestamp_ms,pos_x,pos_y,pos_z,R_00,R_01,R_02,R_10,R_11,R_12,R_20,R_21,R_22,error_radius
16.672222222219716,,,,,,,,,,,,,
66.67777777777155,,,,,,,,,,,,,
116.67777777777337,,,,,,,,,,,,,
166.6888888888825,,,,,,,,,,,,,
216.68333333332703,,,,,,,,,,,,,
266.68888888888614,,,,,,,,,,,,,
316.69999999999345,,,,,,,,,,,,,
366.69999999999345,,,,,,,,,,,,,
416.70555555555075,,,,,,,,,,,,,
466.7111111111044,,,,,,,,,,,,,
516.7055555555507,,,,,,,,,,,,,
566.711111111108,,,,,,,,,,,,,
616.7111111111062,,,,,,,,,,,,,
666.7111111111044,,,,,,,,,,,,,
716.711111111108,,,,,,,,,,,,,
766.7222222222154,,,,,,,,,,,,,
816.7277777777745,,,,,,,,,,,,,
866.7333333333263,,,,,,,,,,,,,
916.7388888888818,,,,,,,,,,,,,
966.7333333333299,,,,,,,,,,,,,
1016.7333333333281,,,,,,,,,,,,,
1066.7333333333263,,,,,,,,,,,,,
1116.744444444439,,,,,,,,,,,,,
1166.7444444444372,,,,,,,,,,,,,
1216.7444444444354,,,,,,,,,,,,,
1266.7444444444372,,,,,,,,,,,,,
1316.7499999999927,,,,,,,,,,,,,
1366.7555555555555,,,,,,,,,,,,,
1416.7499999999945,,,,,,,,,,,,,
1466.7555555555482,,,,,,,,,,,,,
1516.7611111111055,,,,,,,,,,,,,
1566.7666666666628,,,,,,,,,,,,,
1616.7722222222164,,,,,,,,,,,,,
1666.77777777777,,,,,,,,,,,,,
1716.7777777777737,,,,,,,,,,,,,
1766.7888888888883,,,,,,,,,,,,,
1816.783333333331,,,,,,,,,,,,,
1866.7888888888883,,,,,,,,,,,,,
1916.788888888881,,,,,,,,,,,,,
1966.7888888888883,,,,,,,,,,,,,
2016.7999999999956,,,,,,,,,,,,,
2066.7999999999993,,,,,,,,,,,,,
2116.7999999999956,,,,,,,,,,,,,
2166.8111111111066,,,,,,,,,,,,,
2216.799999999994,,,,,,,,,,,,,
2266.8111111111066,,,,,,,,,,,,,
2316.816666666662,,,,,,,,,,,,,
2366.8111111111066,,,,,,,,,,,,,
2416.8222222222194,,,,,,,,,,,,,
2466.8222222222175,,,,,,,,,,,,,
2516.838888888886,,,,,,,,,,,,,
2566.8222222222175,,,,,,,,,,,,,
2616.8222222222175,,,,,,,,,,,,,
2666.8333333333285,,,,,,,,,,,,,
2716.8444444444413,,,,,,,,,,,,,
2833.5111111111073,,,,,,,,,,,,,
2866.8333333333285,,,,,,,,,,,,,
2916.8444444444394,,,,,,,,,,,,,
2966.8444444444394,,,,,,,,,,,,,
3016.8555555555504,,,,,,,,,,,,,
3066.8555555555504,,,,,,,,,,,,,
3116.861111111106,,,,,,,,,,,,,
3166.8666666666613,,,,,,,,,,,,,
3216.8833333333296,,,,,,,,,,,,,
3266.8666666666613,,,,,,,,,,,,,
3316.888888888885,,,,,,,,,,,,,
3366.8777777777723,,,,,,,,,,,,,
3416.877777777774,,,,,,,,,,,,,
3466.8777777777723,,,,,,,,,,,,,
3516.8777777777723,,,,,,,,,,,,,
3566.888888888887,,,,,,,,,,,,,
3616.8888888888832,,,,,,,,,,,,,
3666.8888888888832,,,,,,,,,,,,,
3716.888888888885,,,,,,,,,,,,,
3766.8888888888832,,,,,,,,,,,,,
3816.899999999996,,,,,,,,,,,,,
3866.899999999998,,,,,,,,,,,,,
3916.899999999994,,,,,,,,,,,,,
3966.899999999994,,,,,,,,,,,,,
4016.899999999996,,,,,,,,,,,,,
4066.9111111111015,,,,,,,,,,,,,
4116.911111111103,,,,,,,,,,,,,
4166.911111111109,,,,,,,,,,,,,
4216.922222222216,,,,,,,,,,,,,
4266.922222222216,,,,,,,,,,,,,
4316.944444444443,,,,,,,,,,,,,
4366.933333333327,,,,,,,,,,,,,
4416.933333333331,,,,,,,,,,,,,
4466.933333333327,,,,,,,,,,,,,
4516.938888888884,,,,,,,,,,,,,
4566.933333333327,,,,,,,,,,,,,
4616.944444444438,,,,,,,,,,,,,
4666.9666666666635,,,,,,,,,,,,,
4716.949999999995,,,,,,,,,,,,,
4766.955555555549,,,,,,,,,,,,,
4816.955555555551,,,,,,,,,,,,,
4866.9666666666635,,,,,,,,,,,,,
4916.9666666666635,,,,,,,,,,,,,
4966.9666666666635,,,,,,,,,,,,,
5016.972222222219,,,,,,,,,,,,,
5066.96666666666,,,,,,,,,,,,,
5116.9666666666635,,,,,,,,,,,,,
5166.9777777777745,,,,,,,,,,,,,
5216.977777777773,,,,,,,,,,,,,
5266.9777777777745,,,,,,,,,,,,,
5316.988888888884,,,,,,,,,,,,,
5366.988888888882,,,,,,,,,,,,,
5416.988888888885,,,,,,,,,,,,,
5466.999999999996,,,,,,,,,,,,,
5516.999999999996,,,,,,,,,,,,,
5566.988888888885,,,,,,,,,,,,,
5617.044444444442,,,,,,,,,,,,,
5667.0,,,,,,,,,,,,,
5717.005555555552,,,,,,,,,,,,,
5767.011111111104,,,,,,,,,,,,,
5817.0111111111055,,,,,,,,,,,,,
5867.011111111107,,,,,,,,,,,,,
5917.016666666661,,,,,,,,,,,,,
5967.033333333329,,,,,,,,,,,,,
6017.022222222218,,,,,,,,,,,,,
6067.033333333329,,,,,,,,,,,,,
6117.027777777774,,,,,,,,,,,,,
6167.033333333329,,,,,,,,,,,,,
6217.033333333327,,,,,,,,,,,,,
6267.033333333329,,,,,,,,,,,,,
6317.038888888883,,,,,,,,,,,,,
6367.04444444444,,,,,,,,,,,,,
6417.04444444444,,,,,,,,,,,,,
6467.055555555551,,,,,,,,,,,,,
6517.055555555551,,,,,,,,,,,,,
6567.055555555551,,,,,,,,,,,,,
6617.061111111107,,,,,,,,,,,,,
6667.077777777769,,,,,,,,,,,,,
6717.066666666662,,,,,,,,,,,,,
6767.066666666662,,,,,,,,,,,,,
6817.077777777769,,,,,,,,,,,,,
6867.066666666662,,,,,,,,,,,,,
6917.0722222222175,,,,,,,,,,,,,
6967.077777777769,,,,,,,,,,,,,
7017.088888888888,,,,,,,,,,,,,
7067.088888888884,,,,,,,,,,,,,
7117.083333333327,,,,,,,,,,,,,
7167.088888888884,,,,,,,,,,,,,
7217.088888888884,,,,,,,,,,,,,
7267.0999999999985,,,,,,,,,,,,,
7317.099999999995,,,,,,,,,,,,,
7367.0999999999985,,,,,,,,,,,,,
7417.111111111106,,,,,,,,,,,,,
7467.1111111111095,,,,,,,,,,,,,
7517.111111111104,,,,,,,,,,,,,
7567.111111111106,,,,,,,,,,,,,
7617.111111111106,,,,,,,,,,,,,
7667.111111111106,,,,,,,,,,,,,
7717.111111111104,,,,,,,,,,,,,
7767.12222222222,,,,,,,,,,,,,
7817.13333333333,,,,,,,,,,,,,
7867.133333333331,,,,,,,,,,,,,
7917.133333333331,,,,,,,,,,,,,
7967.133333333328,,,,,,,,,,,,,
8017.1444444444405,,,,,,,,,,,,,
8067.133333333331,,,,,,,,,,,,,
8117.161111111107,,,,,,,,,,,,,
8167.155555555553,,,,,,,,,,,,,
8217.149999999996,,,,,,,,,,,,,
8267.15555555555,,,,,,,,,,,,,
8317.172222222218,,,,,,,,,,,,,
8367.166666666664,,,,,,,,,,,,,
8417.166666666664,,,,,,,,,,,,,
8467.166666666664,,,,,,,,,,,,,
8517.166666666662,,,,,,,,,,,,,
8567.166666666664,,,,,,,,,,,,,
8617.166666666664,,,,,,,,,,,,,
8667.177777777772,,,,,,,,,,,,,
8717.18333333333,,,,,,,,,,,,,
8767.188888888883,,,,,,,,,,,,,
8817.183333333327,,,,,,,,,,,,,
8867.188888888886,,,,,,,,,,,,,
8917.20555555555,,,,,,,,,,,,,
8967.188888888883,,,,,,,,,,,,,
9017.19444444444,,,,,,,,,,,,,
9067.199999999993,,,,,,,,,,,,,
9117.199999999995,,,,,,,,,,,,,
9167.211111111108,,,,,,,,,,,,,
9217.211111111106,,,,,,,,,,,,,
9267.211111111108,,,,,,,,,,,,,
9317.216666666664,,,,,,,,,,,,,
9367.222222222215,,,,,,,,,,,,,
9417.222222222217,,,,,,,,,,,,,
9467.23333333333,,,,,,,,,,,,,
9517.222222222217,,,,,,,,,,,,,
9567.23333333333,,,,,,,,,,,,,
9617.227777777774,,,,,,,,,,,,,
9667.233333333326,,,,,,,,,,,,,
9717.244444444439,,,,,,,,,,,,,
9767.244444444437,,,,,,,,,,,,,
9817.249999999995,,,,,,,,,,,,,
9867.244444444437,,,,,,,,,,,,,
9917.244444444439,,,,,,,,,,,,,
9967.255555555555,,,,,,,,,,,,,
10017.26111111111,,,,,,,,,,,,,
10067.26666666666,,,,,,,,,,,,,
10117.261111111107,,,,,,,,,,,,,
10167.255555555555,,,,,,,,,,,,,
10217.255555555552,,,,,,,,,,,,,
10267.266666666663,,,,,,,,,,,,,
10317.266666666663,,,,,,,,,,,,,
10367.27777777777,,,,,,,,,,,,,
10417.277777777774,,,,,,,,,,,,,
10467.27777777777,,,,,,,,,,,,,
10517.28333333333,,,,,,,,,,,,,
10567.288888888888,,,,,,,,,,,,,
10617.294444444437,,,,,,,,,,,,,
10667.288888888888,,,,,,,,,,,,,
10717.288888888885,,,,,,,,,,,,,
10767.3,,,,,,,,,,,,,
10817.299999999994,,,,,,,,,,,,,
10867.322222222218,,,,,,,,,,,,,
10917.311111111105,,,,,,,,,,,,,
10967.311111111107,,,,,,,,,,,,,
11017.311111111107,,,,,,,,,,,,,
11067.311111111107,,,,,,,,,,,,,
11117.311111111103,,,,,,,,,,,,,
11167.322222222218,,,,,,,,,,,,,
11217.322222222218,,,,,,,,,,,,,
11267.311111111107,,,,,,,,,,,,,
11317.322222222218,,,,,,,,,,,,,
11367.333333333328,,,,,,,,,,,,,
11417.322222222218,,,,,,,,,,,,,
11467.322222222218,,,,,,,,,,,,,
11517.33333333333,,,,,,,,,,,,,
11567.34444444444,,,,,,,,,,,,,
11617.349999999997,,,,,,,,,,,,,
11668.222222222219,,,,,,,,,,,,,
11717.361111111108,,,,,,,,,,,,,
11767.355555555554,,,,,,,,,,,,,
11817.349999999997,,,,,,,,,,,,,
11867.377777777776,,,,,,,,,,,,,
11917.355555555552,,,,,,,,,,,,,
11967.366666666661,,,,,,,,,,,,,
12017.366666666663,,,,,,,,,,,,,
12067.388888888883,,,,,,,,,,,,,
12117.377777777772,,,,,,,,,,,,,
12167.377777777772,,,,,,,,,,,,,
12217.388888888885,,,,,,,,,,,,,
12267.377777777772,,,,,,,,,,,,,
12317.388888888885,,,,,,,,,,,,,
12367.388888888887,,,,,,,,,,,,,
12417.388888888883,,,,,,,,,,,,,
12467.399999999998,,,,,,,,,,,,,
12517.399999999996,,,,,,,,,,,,,
12567.399999999994,,,,,,,,,,,,,
12617.411111111105,,,,,,,,,,,,,
12667.411111111101,,,,,,,,,,,,,
12717.411111111103,,,,,,,,,,,,,
12767.411111111109,,,,,,,,,,,,,
12817.422222222216,,,,,,,,,,,,,
12867.42222222222,,,,,,,,,,,,,
12917.427777777777,,,,,,,,,,,,,
12967.422222222216,,,,,,,,,,,,,
13017.438888888884,,,,,,,,,,,,,
13067.433333333327,,,,,,,,,,,,,
13117.43333333333,,,,,,,,,,,,,
13167.433333333327,,,,,,,,,,,,,
13217.43333333333,,,,,,,,,,,,,
13267.444444444438,,,,,,,,,,,,,
13317.449999999997,,,,,,,,,,,,,
13367.444444444442,,,,,,,,,,,,,
13417.444444444438,,,,,,,,,,,,,
13467.455555555556,,,,,,,,,,,,,
13517.45555555555,,,,,,,,,,,,,
13567.455555555549,,,,,,,,,,,,,
13617.466666666665,,,,,,,,,,,,,
13667.46666666666,,,,,,,,,,,,,
13717.466666666664,,,,,,,,,,,,,
13767.477777777774,,,,,,,,,,,,,
13817.477777777773,,,,,,,,,,,,,
13867.5,,,,,,,,,,,,,
13917.477777777774,,,,,,,,,,,,,
13967.477777777774,,,,,,,,,,,,,
14017.477777777773,,,,,,,,,,,,,
14067.488888888885,,,,,,,,,,,,,
14117.483333333324,,,,,,,,,,,,,
14167.488888888885,,,,,,,,,,,,,
14217.499999999998,,,,,,,,,,,,,
14267.499999999996,,,,,,,,,,,,,
14317.505555555552,,,,,,,,,,,,,
14367.511111111107,,,,,,,,,,,,,
14417.522222222216,,,,,,,,,,,,,
14467.5,,,,,,,,,,,,,
14517.522222222218,,,,,,,,,,,,,
14567.511111111104,,,,,,,,,,,,,
14617.522222222216,,,,,,,,,,,,,
14667.522222222218,,,,,,,,,,,,,
14717.527777777772,,,,,,,,,,,,,
14767.53333333333,,,,,,,,,,,,,
14817.544444444444,,,,,,,,,,,,,
14867.54444444444,,,,,,,,,,,,,
14917.54444444444,,,,,,,,,,,,,
14967.54444444444,,,,,,,,,,,,,
15017.538888888885,,,,,,,,,,,,,
15067.54444444444,,,,,,,,,,,,,
15117.549999999992,,,,,,,,,,,,,
15167.54444444444,,,,,,,,,,,,,
15217.544444444437,,,,,,,,,,,,,
15267.54444444444,,,,,,,,,,,,,
15317.555555555551,,,,,,,,,,,,,
15367.555555555551,,,,,,,,,,,,,
15417.561111111103,,,,,,,,,,,,,
15467.566666666662,,,,,,,,,,,,,
15517.572222222221,,,,,,,,,,,,,
15567.577777777773,,,,,,,,,,,,,
15617.577777777773,,,,,,,,,,,,,
15667.588888888884,,,,,,,,,,,,,
15717.583333333328,,,,,,,,,,,,,
15767.588888888884,,,,,,,,,,,,,
15817.577777777773,,,,,,,,,,,,,
15867.588888888884,,,,,,,,,,,,,
15917.588888888888,,,,,,,,,,,,,
15967.600000000002,,,,,,,,,,,,,
16017.599999999999,,,,,,,,,,,,,
16067.600000000002,,,,,,,,,,,,,
16117.611111111106,,,,,,,,,,,,,
16167.611111111113,,,,,,,,,,,,,
16217.611111111106,,,,,,,,,,,,,
16267.611111111106,,,,,,,,,,,,,
16317.61111111111,,,,,,,,,,,,,
16367.622222222217,,,,,,,,,,,,,
16417.622222222217,,,,,,,,,,,,,
16467.622222222224,,,,,,,,,,,,,
16517.627777777776,,,,,,,,,,,,,
16567.633333333328,,,,,,,,,,,,,
16617.63333333333,,,,,,,,,,,,,
16667.633333333328,,,,,,,,,,,,,
16717.638888888887,,,,,,,,,,,,,
16767.64444444444,,,,,,,,,,,,,
16817.644444444442,,,,,,,,,,,,,
16867.64444444444,,,,,,,,,,,,,
16917.649999999994,,,,,,,,,,,,,
16967.655555555557,,,,,,,,,,,,,
17017.66111111111,,,,,,,,,,,,,
17067.67777777778,,,,,,,,,,,,,
17117.661111111105,,,,,,,,,,,,,
17167.67777777777,,,,,,,,,,,,,
17217.66666666666,,,,,,,,,,,,,
17267.666666666668,,,,,,,,,,,,,
17317.67222222222,,,,,,,,,,,,,
17367.67777777777,,,,,,,,,,,,,
17417.666666666664,,,,,,,,,,,,,
17467.733333333334,,,,,,,,,,,,,
17517.68333333333,,,,,,,,,,,,,
17567.688888888883,,,,,,,,,,,,,
17617.688888888886,,,,,,,,,,,,,
17667.7,,,,,,,,,,,,,
17717.716666666664,,,,,,,,,,,,,
17767.699999999993,,,,,,,,,,,,,
17817.699999999997,,,,,,,,,,,,,
17867.722222222215,,,,,,,,,,,,,
17917.711111111104,,,,,,,,,,,,,
17967.733333333334,,,,,,,,,,,,,
18017.711111111108,,,,,,,,,,,,,
18067.722222222215,,,,,,,,,,,,,
18117.72222222222,,,,,,,,,,,,,
18167.755555555555,,,,,,,,,,,,,
18217.722222222215,,,,,,,,,,,,,
18267.733333333326,,,,,,,,,,,,,
18317.727777777774,,,,,,,,,,,,,
18367.78888888888,,,,,,,,,,,,,
18417.73333333333,,,,,,,,,,,,,
18467.75555555555,,,,,,,,,,,,,
18517.744444444437,,,,,,,,,,,,,
18567.76666666666,,,,,,,,,,,,,
18617.75555555555,,,,,,,,,,,,,
18667.755555555555,,,,,,,,,,,,,
18717.749999999996,,,,,,,,,,,,,
18767.744444444445,,,,,,,,,,,,,
18817.755555555552,,,,,,,,,,,,,
18867.766666666666,,,,,,,,,,,,,
18917.766666666663,,,,,,,,,,,,,
18967.766666666666,,,,,,,,,,,,,
19017.788888888885,,,,,,,,,,,,,
19067.77777777777,,,,,,,,,,,,,
19117.777777777774,,,,,,,,,,,,,
19167.777777777777,,,,,,,,,,,,,
19217.777777777774,,,,,,,,,,,,,
19267.777777777777,,,,,,,,,,,,,
19317.788888888892,,,,,,,,,,,,,
19367.78888888888,,,,,,,,,,,,,
19417.794444444444,,,,,,,,,,,,,
19467.8,,,,,,,,,,,,,
19517.8,,,,,,,,,,,,,
19567.799999999992,,,,,,,,,,,,,
19617.80555555555,,,,,,,,,,,,,
19667.81111111111,,,,,,,,,,,,,
19717.816666666662,,,,,,,,,,,,,
19767.833333333332,,,,,,,,,,,,,
19817.822222222218,,,,,,,,,,,,,
19867.82222222222,,,,,,,,,,,,,
19917.822222222214,,,,,,,,,,,,,
19967.82222222222,,,,,,,,,,,,,
20017.827777777773,,,,,,,,,,,,,
20067.82222222222,,,,,,,,,,,,,
20117.83333333333,,,,,,,,,,,,,
20167.833333333332,,,,,,,,,,,,,
20217.833333333325,,,,,,,,,,,,,
20267.833333333332,,,,,,,,,,,,,
20317.844444444443,,,,,,,,,,,,,
20367.844444444436,,,,,,,,,,,,,
20417.855555555554,,,,,,,,,,,,,
20467.85555555556,,,,,,,,,,,,,
20517.855555555554,,,,,,,,,,,,,
20567.855555555547,,,,,,,,,,,,,
20617.866666666665,,,,,,,,,,,,,
20667.87777777777,,,,,,,,,,,,,
20717.87222222222,,,,,,,,,,,,,
20767.877777777776,,,,,,,,,,,,,
20817.877777777772,,,,,,,,,,,,,
20867.866666666658,,,,,,,,,,,,,
20917.877777777772,,,,,,,,,,,,,
20967.877777777776,,,,,,,,,,,,,
21017.916666666664,,,,,,,,,,,,,
21067.888888888887,,,,,,,,,,,,,
21117.888888888883,,,,,,,,,,,,,
21167.899999999998,,,,,,,,,,,,,
21217.899999999998,,,,,,,,,,,,,
21267.91111111111,,,,,,,,,,,,,
21317.91111111111,,,,,,,,,,,,,
21368.011111111107,,,,,,,,,,,,,
21417.91111111111,,,,,,,,,,,,,
21467.91111111111,,,,,,,,,,,,,
21517.916666666664,,,,,,,,,,,,,
21567.92222222222,,,,,,,,,,,,,
21617.92222222222,,,,,,,,,,,,,
21667.92222222222,,,,,,,,,,,,,
21717.922222222216,,,,,,,,,,,,,
21767.92222222222,,,,,,,,,,,,,
21817.938888888886,,,,,,,,,,,,,
21867.93333333333,,,,,,,,,,,,,
21917.93333333333,,,,,,,,,,,,,
21967.94444444444,,,,,,,,,,,,,
22017.94444444444,,,,,,,,,,,,,
22067.96666666667,,,,,,,,,,,,,
22117.95555555555,,,,,,,,,,,,,
22167.95555555556,,,,,,,,,,,,,
22217.955555555553,,,,,,,,,,,,,
22267.95555555556,,,,,,,,,,,,,
22317.96111111111,,,,,,,,,,,,,
22367.96666666667,,,,,,,,,,,,,
22417.96666666666,,,,,,,,,,,,,
22467.977777777774,,,,,,,,,,,,,
22517.983333333326,,,,,,,,,,,,,
22567.977777777774,,,,,,,,,,,,,
22617.999999999993,,,,,,,,,,,,,
22667.977777777774,,,,,,,,,,,,,
22717.983333333334,,,,,,,,,,,,,
22767.988888888885,,,,,,,,,,,,,
22817.988888888885,,,,,,,,,,,,,
22867.999999999996,,,,,,,,,,,,,
22917.994444444437,,,,,,,,,,,,,
22967.999999999996,,,,,,,,,,,,,
23017.999999999996,,,,,,,,,,,,,
23068.011111111107,,,,,,,,,,,,,
23118.022222222226,,,,,,,,,,,,,
23168.011111111107,,,,,,,,,,,,,
23218.011111111104,,,,,,,,,,,,,
23268.02222222222,,,,,,,,,,,,,
23318.022222222226,,,,,,,,,,,,,
23368.02222222222,,,,,,,,,,,,,
23418.02222222222,,,,,,,,,,,,,
23468.05555555555,,,,,,,,,,,,,
23518.022222222226,,,,,,,,,,,,,
23568.03333333333,,,,,,,,,,,,,
23618.033333333336,,,,,,,,,,,,,
23668.04444444444,,,,,,,,,,,,,
23718.04444444444,,,,,,,,,,,,,
23768.04444444444,,,,,,,,,,,,,
23818.049999999996,,,,,,,,,,,,,
23868.05555555555,,,,,,,,,,,,,
23918.05,,,,,,,,,,,,,
23968.04444444444,,,,,,,,,,,,,
24018.05555555555,,,,,,,,,,,,,
24068.066666666662,,,,,,,,,,,,,
24118.066666666662,,,,,,,,,,,,,
24168.066666666662,,,,,,,,,,,,,
24218.088888888888,,,,,,,,,,,,,
24268.077777777766,,,,,,,,,,,,,
24318.077777777777,,,,,,,,,,,,,
24368.077777777766,,,,,,,,,,,,,
24418.077777777773,,,,,,,,,,,,,
24468.08888888889,,,,,,,,,,,,,
24518.088888888884,,,,,,,,,,,,,
24568.100000000002,,,,,,,,,,,,,
24618.099999999995,,,,,,,,,,,,,
24668.100000000002,,,,,,,,,,,,,
24718.099999999995,,,,,,,,,,,,,
24768.111111111106,,,,,,,,,,,,,
24818.099999999995,,,,,,,,,,,,,
24868.111111111106,,,,,,,,,,,,,
24918.116666666665,,,,,,,,,,,,,
24968.111111111106,,,,,,,,,,,,,
25018.122222222224,,,,,,,,,,,,,
25068.122222222217,,,,,,,,,,,,,
25118.12777777777,,,,,,,,,,,,,
25168.122222222217,,,,,,,,,,,,,
25218.13333333333,,,,,,,,,,,,,
25268.133333333328,,,,,,,,,,,,,
25318.12777777778,,,,,,,,,,,,,
25368.133333333328,,,,,,,,,,,,,
25418.133333333328,,,,,,,,,,,,,
25468.133333333328,,,,,,,,,,,,,
25518.78888888888,,,,,,,,,,,,,
25568.14444444444,,,,,,,,,,,,,
25618.155555555553,,,,,,,,,,,,,
25668.14444444444,,,,,,,,,,,,,
25718.166666666664,,,,,,,,,,,,,
25768.155555555557,,,,,,,,,,,,,
25818.16111111111,,,,,,,,,,,,,
25868.15555555555,,,,,,,,,,,,,
25918.166666666664,,,,,,,,,,,,,
25968.18888888889,,,,,,,,,,,,,
26018.17777777777,,,,,,,,,,,,,
26068.166666666668,,,,,,,,,,,,,
26118.172222222216,,,,,,,,,,,,,
26168.17777777777,,,,,,,,,,,,,
26218.18888888889,,,,,,,,,,,,,
26268.18888888889,,,,,,,,,,,,,
26318.18888888889,,,,,,,,,,,,,
26368.2,,,,,,,,,,,,,
26418.194444444438,,,,,,,,,,,,,
26468.18888888889,,,,,,,,,,,,,
26518.194444444445,,,,,,,,,,,,,
26568.211111111104,,,,,,,,,,,,,
26618.211111111108,,,,,,,,,,,,,
26668.21111111111,,,,,,,,,,,,,
26718.227777777774,,,,,,,,,,,,,
26768.21111111111,,,,,,,,,,,,,
26818.222222222223,,,,,,,,,,,,,
26868.222222222215,,,,,,,,,,,,,
26918.22222222222,,,,,,,,,,,,,
26968.222222222215,,,,,,,,,,,,,
27018.23333333333,,,,,,,,,,,,,
27068.233333333326,,,,,,,,,,,,,
27118.238888888885,,,,,,,,,,,,,
27168.244444444445,,,,,,,,,,,,,
27218.261111111107,,,,,,,,,,,,,
27268.244444444445,,,,,,,,,,,,,
27318.244444444437,,,,,,,,,,,,,
27368.244444444437,,,,,,,,,,,,,
27418.27222222222,,,,,,,,,,,,,
27468.255555555555,,,,,,,,,,,,,
27518.261111111107,,,,,,,,,,,,,
27568.26666666666,,,,,,,,,,,,,
27618.266666666666,,,,,,,,,,,,,
27668.277777777777,,,,,,,,,,,,,
27718.277777777774,,,,,,,,,,,,,
27768.27777777777,,,,,,,,,,,,,
27818.277777777777,,,,,,,,,,,,,
27868.27777777777,,,,,,,,,,,,,
27918.277777777774,,,,,,,,,,,,,
27968.28888888889,,,,,,,,,,,,,
28018.283333333333,,,,,,,,,,,,,
28068.31111111111,,,,,,,,,,,,,
28118.294444444447,,,,,,,,,,,,,
28168.3,,,,,,,,,,,,,
28218.3,,,,,,,,,,,,,
28268.3,,,,,,,,,,,,,
28318.30555555555,,,,,,,,,,,,,
28368.31111111111,,,,,,,,,,,,,
28418.311111111107,,,,,,,,,,,,,
28468.31111111111,,,,,,,,,,,,,
28518.327777777773,,,,,,,,,,,,,
28568.322222222214,,,,,,,,,,,,,
28618.32222222222,,,,,,,,,,,,,
28668.32222222222,,,,,,,,,,,,,
28718.322222222218,,,,,,,,,,,,,
28768.333333333325,,,,,,,,,,,,,
28818.333333333332,,,,,,,,,,,,,
28868.333333333325,,,,,,,,,,,,,
28918.34444444444,,,,,,,,,,,,,
28968.344444444436,,,,,,,,,,,,,
29018.34444444444,,,,,,,,,,,,,
29068.35555555556,,,,,,,,,,,,,
29118.35,,,,,,,,,,,,,
29168.35555555556,,,,,,,,,,,,,
29218.355555555554,,,,,,,,,,,,,
29268.35555555556,,,,,,,,,,,,,
29318.355555555554,,,,,,,,,,,,,
29368.366666666672,,,,,,,,,,,,,
29418.37222222222,,,,,,,,,,,,,
29468.377777777776,,,,,,,,,,,,,
29518.38333333333,,,,,,,,,,,,,
29568.366666666672,,,,,,,,,,,,,
29618.377777777776,,,,,,,,,,,,,
29668.377777777776,,,,,,,,,,,,,
29718.388888888883,,,,,,,,,,,,,
29768.388888888887,,,,,,,,,,,,,
29818.41111111111,,,,,,,,,,,,,
29868.38888888888,,,,,,,,,,,,,
29918.399999999998,,,,,,,,,,,,,
29968.399999999998,,,,,,,,,,,,,
30018.416666666664,,,,,,,,,,,,,
30068.399999999998,,,,,,,,,,,,,
30118.4111111111,,,,,,,,,,,,,
30168.42222222222,,,,,,,,,,,,,
30201.744444444437,,,,,,,,,,,,,
31918.516666666663,,,,,,,,,,,,,
31968.522222222226,,,,,,,,,,,,,
32018.522222222226,,,,,,,,,,,,,
32069.60740740741,,,,,,,,,,,,,
32119.059259259262,,,,,,,,,,,,,
32169.592592592595,,,,,,,,,,,,,
32219.062962962966,,,,,,,,,,,,,
32269.574074074084,,,,,,,,,,,,,
32320.088888888895,,,,,,,,,,,,,
32370.07222222222,,,,,,,,,,,,,
32420.066666666673,,,,,,,,,,,,,
32470.044444444447,,,,,,,,,,,,,
32520.03333333334,,,,,,,,,,,,,
32570.016666666674,,,,,,,,,,,,,
32620.01111111111,,,,,,,,,,,,,
32669.994444444448,,,,,,,,,,,,,
32719.97777777777,,,,,,,,,,,,,
32769.96111111111,,,,,,,,,,,,,
32819.955555555556,,,,,,,,,,,,,
32869.93888888889,,,,,,,,,,,,,
32919.025925925926,,,,,,,,,,,,,
32975.51944444444,,,,,,,,,,,,,
33021.09444444443,,,,,,,,,,,,,
33072.59111111112,,,,,,,,,,,,,
33121.02222222222,,,,,,,,,,,,,
33169.444444444445,,,,,,,,,,,,,
33219.01111111111,,,,,,,,,,,,,
33269.42592592593,,,,,,,,,,,,,
33318.99999999999,,,,,,,,,,,,,
33369.40370370371,,,,,,,,,,,,,
33419.003703703704,,,,,,,,,,,,,
33469.3962962963,,,,,,,,,,,,,
33519.0,,,,,,,,,,,,,
33569.37777777778,,,,,,,,,,,,,
33618.992592592585,,,,,,,,,,,,,
33669.37037037037,,,,,,,,,,,,,
33718.99259259259,,,,,,,,,,,,,
33769.344444444454,,,,,,,,,,,,,
33821.76666666666,,,,,,,,,,,,,
33868.61111111111,,,,,,,,,,,,,
33918.62222222222,,,,,,,,,,,,,
33968.63333333333,,,,,,,,,,,,,
34021.41111111111,,,,,,,,,,,,,
34072.75,,,,,,,,,,,,,
34120.37333333334,,,,,,,,,,,,,
34172.90555555555,,,,,,,,,,,,,
34220.33111111111,,,,,,,,,,,,,
34274.07037037037,,,,,,,,,,,,,
34321.37777777778,,,,,,,,,,,,,
34374.13333333333,,,,,,,,,,,,,
34421.414814814816,,,,,,,,,,,,,
34479.177777777775,,,,,,,,,,,,,
34523.041666666664,,,,,,,,,,,,,
34575.64222222222,,,,,,,,,,,,,
34622.98333333334,,,,,,,,,,,,,
34678.76851851851,,,,,,,,,,,,,
34723.047222222216,,,,,,,,,,,,,
34775.52888888889,,,,,,,,,,,,,
34823.93777777778,,,,,,,,,,,,,
34875.61555555556,,,,,,,,,,,,,
34923.06111111111,,,,,,,,,,,,,
34973.13703703704,,,,,,,,,,,,,
35022.96666666667,,,,,,,,,,,,,
35075.90222222223,,,,,,,,,,,,,
35123.191666666666,,,,,,,,,,,,,
35167.72592592592,,,,,,,,,,,,,
35218.91851851852,,,,,,,,,,,,,
35268.7111111111,,,,,,,,,,,,,
35318.71111111111,,,,,,,,,,,,,
35368.7111111111,,,,,,,,,,,,,
35416.03888888888,,,,,,,,,,,,,
35470.75061728395,,,,,,,,,,,,,
35519.74197530864,,,,,,,,,,,,,
35560.51111111111,,,,,,,,,,,,,
35618.73333333333,,,,,,,,,,,,,
35668.72222222222,,,,,,,,,,,,,
35718.73333333333,,,,,,,,,,,,,
35768.73333333334,,,,,,,,,,,,,
35820.00634920636,,,,,,,,,,,,,
35873.49047619047,,,,,,,,,,,,,
35920.82777777777,,,,,,,,,,,,,
35973.47777777778,,,,,,,,,,,,,
36020.83333333333,,,,,,,,,,,,,
36072.23555555555,,,,,,,,,,,,,
36120.49111111111,,,,,,,,,,,,,
36172.219999999994,,,,,,,,,,,,,
36217.42592592593,,,,,,,,,,,,,
36272.22888888889,,,,,,,,,,,,,
36319.99682539683,,,,,,,,,,,,,
36372.21333333333,,,,,,,,,,,,,
36419.993650793665,,,,,,,,,,,,,
36475.70740740741,,,,,,,,,,,,,
36520.82916666667,,,,,,,,,,,,,
36575.916666666664,,,,,,,,,,,,,
36621.462962962956,,,,,,,,,,,,,
36676.08555555555,,,,,,,,,,,,,
36722.08555555555,,,,,,,,,,,,,
36775.36,,,,,,,,,,,,,
36822.282539682536,,,,,,,,,,,,,
36872.079365079364,,,,,,,,,,,,,
36921.472222222226,,,,,,,,,,,,,
36970.34444444445,,,,,,,,,,,,,
37020.48888888889,,,,,,,,,,,,,
37073.00277777777,,,,,,,,,,,,,
37120.48888888889,,,,,,,,,,,,,
37172.99722222223,,,,,,,,,,,,,
37220.48444444443,,,,,,,,,,,,,
37272.98055555555,,,,,,,,,,,,,
37320.482222222214,,,,,,,,,,,,,
37372.97222222222,,,,,,,,,,,,,
37420.486666666664,,,,,,,,,,,,,
37470.87777777778,,,,,,,,,,,,,
37521.59629629629,,,,,,,,,,,,,
37568.799999999996,,,,,,,,,,,,,
37618.82222222222,,,,,,,,,,,,,
37668.782222222224,,,,,,,,,,,,,
37718.82380952382,,,,,,,,,,,,,
37768.77999999999,,,,,,,,,,,,,
37818.82857142858,,,,,,,,,,,,,
37868.77555555556,,,,,,,,,,,,,
37918.82380952382,,,,,,,,,,,,,
37972.82037037037,,,,,,,,,,,,,
38019.63950617283,,,,,,,,,,,,,
38070.44074074074,,,,,,,,,,,,,
38119.65679012345,,,,,,,,,,,,,
38170.42222222223,,,,,,,,,,,,,
38219.65925925926,,,,,,,,,,,,,
38267.61111111111,,,,,,,,,,,,,
38318.8,,,,,,,,,,,,,
38368.67777777778,,,,,,,,,,,,,
38418.79027777778,,,,,,,,,,,,,
38465.92407407408,,,,,,,,,,,,,
38518.841269841265,,,,,,,,,,,,,
38568.72888888889,,,,,,,,,,,,,
38618.83809523809,,,,,,,,,,,,,
38664.62222222221,,,,,,,,,,,,,
38718.83968253968,,,,,,,,,,,,,
38764.62222222222,,,,,,,,,,,,,
38818.911111111105,,,,,,,,,,,,,
38868.922222222216,,,,,,,,,,,,,
38918.922222222216,,,,,,,,,,,,,
38968.922222222216,,,,,,,,,,,,,
39018.92222222222,,,,,,,,,,,,,
39068.922222222216,,,,,,,,,,,,,
39118.944444444445,,,,,,,,,,,,,
39168.933333333334,,,,,,,,,,,,,
39224.496296296296,,,,,,,,,,,,,
39268.933333333334,,,,,,,,,,,,,
39324.5,,,,,,,,,,,,,
39368.94444444444,,,,,,,,,,,,,
39413.381481481476,,,,,,,,,,,,,
39468.94444444444,,,,,,,,,,,,,
39518.94444444444,,,,,,,,,,,,,
39568.955555555556,,,,,,,,,,,,,
39618.95555555555,,,,,,,,,,,,,
39676.91111111111,,,,,,,,,,,,,
39718.69629629629,,,,,,,,,,,,,
39768.43333333334,,,,,,,,,,,,,
39818.700000000004,,,,,,,,,,,,,
39868.41851851852,,,,,,,,,,,,,
39918.69629629629,,,,,,,,,,,,,
39968.40740740741,,,,,,,,,,,,,
40018.68518518518,,,,,,,,,,,,,
40068.38518518519,,,,,,,,,,,,,
40122.91944444444,,,,,,,,,,,,,
40171.12407407407,,,,,,,,,,,,,
40218.79999999999,,,,,,,,,,,,,
40272.31388888889,,,,,,,,,,,,,
40320.01851851851,,,,,,,,,,,,,
40370.76031746032,,,,,,,,,,,,,
40419.77916666667,,,,,,,,,,,,,
40470.74285714286,,,,,,,,,,,,,
40519.78749999999,,,,,,,,,,,,,
40570.7492063492,,,,,,,,,,,,,
40619.76111111112,,,,,,,,,,,,,
40670.97962962963,,,,,,,,,,,,,
40716.87777777778,,,,,,,,,,,,,
40771.38,,,,,,,,,,,,,
40820.51944444445,,,,,,,,,,,,,
40871.422222222216,,,,,,,,,,,,,
40920.53055555557,,,,,,,,,,,,,
40971.33111111111,,,,,,,,,,,,,
41020.45277777778,,,,,,,,,,,,,
41071.3,,,,,,,,,,,,,
41120.45833333333,,,,,,,,,,,,,
41171.282222222224,,,,,,,,,,,,,
41223.508888888886,,,,,,,,,,,,,
41273.764814814815,,,,,,,,,,,,,
41321.41111111111,,,,,,,,,,,,,
41373.64074074073,,,,,,,,,,,,,
41421.36666666667,,,,,,,,,,,,,
41476.34761904762,,,,,,,,,,,,,
41522.0492063492,,,,,,,,,,,,,
41574.23472222223,,,,,,,,,,,,,
41621.36481481481,,,,,,,,,,,,,
41670.08888888889,,,,,,,,,,,,,
41722.52777777778,,,,,,,,,,,,,
41774.51555555555,,,,,,,,,,,,,
41822.425,,,,,,,,,,,,,
41863.988888888896,,,,,,,,,,,,,
41902.41111111111,,,,,,,,,,,,,
41992.588888888895,,,,,,,,,,,,,
42019.08888888889,,,,,,,,,,,,,
42069.100000000006,,,,,,,,,,,,,
42119.1,,,,,,,,,,,,,
42169.100000000006,,,,,,,,,,,,,
42219.1,,,,,,,,,,,,,
42274.502222222225,,,,,,,,,,,,,
42323.142222222225,,,,,,,,,,,,,
42374.484444444446,,,,,,,,,,,,,
42422.46111111111,,,,,,,,,,,,,
42474.46444444444,,,,,,,,,,,,,
42523.131111111106,,,,,,,,,,,,,
42574.75396825397,,,,,,,,,,,,,
42623.08222222222,,,,,,,,,,,,,
42674.7253968254,,,,,,,,,,,,,
42723.06444444445,,,,,,,,,,,,,
42770.066666666666,,,,,,,,,,,,,
42819.811111111114,,,,,,,,,,,,,
42869.936507936516,,,,,,,,,,,,,
42919.70666666667,,,,,,,,,,,,,
42969.96825396825,,,,,,,,,,,,,
43019.735555555555,,,,,,,,,,,,,
43071.675,,,,,,,,,,,,,
43120.19206349206,,,,,,,,,,,,,
43170.54141414142,,,,,,,,,,,,,
43219.27407407408,,,,,,,,,,,,,
43269.2950617284,,,,,,,,,,,,,
43319.25555555555,,,,,,,,,,,,,
43369.270370370374,,,,,,,,,,,,,
43419.25185185185,,,,,,,,,,,,,
43469.24938271605,,,,,,,,,,,,,
43519.264814814815,,,,,,,,,,,,,
43569.27283950618,,,,,,,,,,,,,
43619.224074074074,,,,,,,,,,,,,
43667.44603174604,,,,,,,,,,,,,
43718.3126984127,,,,,,,,,,,,,
43767.652777777774,,,,,,,,,,,,,
43818.30793650793,,,,,,,,,,,,,
43867.634722222225,,,,,,,,,,,,,
43918.5,,,,,,,,,,,,,
43967.79259259259,,,,,,,,,,,,,
44018.4962962963,,,,,,,,,,,,,
44067.781481481485,,,,,,,,,,,,,
44118.496296296296,,,,,,,,,,,,,
44167.46888888889,,,,,,,,,,,,,
44218.11666666667,,,,,,,,,,,,,
44267.44444444444,,,,,,,,,,,,,
44319.61111111111,,,,,,,,,,,,,
44369.64603174604,,,,,,,,,,,,,
44419.526666666665,,,,,,,,,,,,,
44469.631746031744,,,,,,,,,,,,,
44519.50444444444,,,,,,,,,,,,,
44569.60634920635,,,,,,,,,,,,,
44619.58222222222,,,,,,,,,,,,,
44669.6873015873,,,,,,,,,,,,,
44719.49777777778,,,,,,,,,,,,,
44769.56349206349,,,,,,,,,,,,,
44820.05111111112,,,,,,,,,,,,,
44869.62592592593,,,,,,,,,,,,,
44919.49333333333,,,,,,,,,,,,,
44969.56031746032,,,,,,,,,,,,,
45019.5,,,,,,,,,,,,,
45072.80370370371,,,,,,,,,,,,,
45119.44444444445,,,,,,,,,,,,,
45169.46507936508,,,,,,,,,,,,,
45219.404444444444,,,,,,,,,,,,,
45269.46984126984,,,,,,,,,,,,,
45322.18703703704,,,,,,,,,,,,,
45367.471428571436,,,,,,,,,,,,,
45419.87592592593,,,,,,,,,,,,,
45470.34259259259,,,,,,,,,,,,,
45520.55714285713,,,,,,,,,,,,,
45571.575,,,,,,,,,,,,,
45627.32539682539,,,,,,,,,,,,,
45675.661111111105,,,,,,,,,,,,,
45727.707407407404,,,,,,,,,,,,,
45778.99333333333,,,,,,,,,,,,,
45824.27222222222,,,,,,,,,,,,,
45874.54603174603,,,,,,,,,,,,,
45921.82839506173,,,,,,,,,,,,,
45973.531481481485,,,,,,,,,,,,,
46021.41805555555,,,,,,,,,,,,,
46073.5074074074,,,,,,,,,,,,,
46121.425,,,,,,,,,,,,,
46173.60555555555,,,,,,,,,,,,,
46222.0962962963,,,,,,,,,,,,,
46274.31555555556,,,,,,,,,,,,,
46327.65740740741,,,,,,,,,,,,,
46374.39111111111,,,,,,,,,,,,,
46427.69814814814,,,,,,,,,,,,,
46475.60277777778,,,,,,,,,,,,,
46526.00444444445,,,,,,,,,,,,,
46575.649999999994,,,,,,,,,,,,,
46625.99555555556,,,,,,,,,,,,,
46674.28222222222,,,,,,,,,,,,,
46723.09722222222,,,,,,,,,,,,,
46774.37111111111,,,,,,,,,,,,,
46823.100000000006,,,,,,,,,,,,,
46875.82777777778,,,,,,,,,,,,,
46926.072839506174,,,,,,,,,,,,,
46975.555555555555,,,,,,,,,,,,,
47025.904444444444,,,,,,,,,,,,,
47073.19682539683,,,,,,,,,,,,,
47126.02222222222,,,,,,,,,,,,,
47174.81587301587,,,,,,,,,,,,,
47224.80808080808,,,,,,,,,,,,,
47274.84285714286,,,,,,,,,,,,,
47324.80101010101,,,,,,,,,,,,,
47374.74761904762,,,,,,,,,,,,,
47424.77474747475,,,,,,,,,,,,,
47473.726388888885,,,,,,,,,,,,,
47522.98395061729,,,,,,,,,,,,,
47571.201587301584,,,,,,,,,,,,,
47622.99999999999,,,,,,,,,,,,,
47674.26888888888,,,,,,,,,,,,,
47723.990476190476,,,,,,,,,,,,,
47780.85777777778,,,,,,,,,,,,,
47825.804444444446,,,,,,,,,,,,,
47878.56666666667,,,,,,,,,,,,,
47925.642592592594,,,,,,,,,,,,,
47975.22407407407,,,,,,,,,,,,,
48020.93999999999,,,,,,,,,,,,,
48069.23055555555,,,,,,,,,,,,,
48121.16666666666,,,,,,,,,,,,,
48172.75925925925,,,,,,,,,,,,,
48221.133333333324,,,,,,,,,,,,,
48272.82962962964,,,,,,,,,,,,,
48321.19259259258,,,,,,,,,,,,,
48372.91851851851,,,,,,,,,,,,,
48413.81111111111,,,,,,,,,,,,,
48474.51666666666,,,,,,,,,,,,,
48524.50000000001,,,,,,,,,,,,,
48568.87777777778,,,,,,,,,,,,,
48677.1111111111,,,,,,,,,,,,,
48727.43148148148,,,,,,,,,,,,,
48774.115555555545,,,,,,,,,,,,,
48828.69365079364,,,,,,,,,,,,,
48873.26296296297,,,,,,,,,,,,,
48925.44583333333,,,,,,,,,,,,,
48974.02444444445,,,,,,,,,,,,,
49024.34691358024,,,,,,,,,,,,,
49075.40185185185,,,,,,,,,,,,,
49125.80000000001,,,,,,,,,,,,,
49175.48148148148,,,,,,,,,,,,,
49223.88095238095,,,,,,,,,,,,,
49271.97222222222,,,,,,,,,,,,,
49320.502222222225,,,,,,,,,,,,,
49375.72222222222,,,,,,,,,,,,,
49423.4253968254,,,,,,,,,,,,,
49466.724444444444,,,,,,,,,,,,,
49525.65777777778,,,,,,,,,,,,,
49575.91666666666,,,,,,,,,,,,,
49628.0861111111,,,,,,,,,,,,,
49675.13333333333,,,,,,,,,,,,,
49725.595555555556,,,,,,,,,,,,,
49775.088888888895,,,,,,,,,,,,,
49821.12592592593,,,,,,,,,,,,,
49869.55555555555,,,,,,,,,,,,,
49919.54444444444,,,,,,,,,,,,,
49969.55555555555,,,,,,,,,,,,,
50019.55555555556,,,,,,,,,,,,,
50069.55555555554,,,,,,,,,,,,,
50118.97936507937,,,,,,,,,,,,,
50174.59777777778,,,,,,,,,,,,,
50224.59111111111,,,,,,,,,,,,,
50276.61111111111,,,,,,,,,,,,,
50324.562962962955,,,,,,,,,,,,,
50374.392592592594,,,,,,,,,,,,,
50422.322222222225,,,,,,,,,,,,,
50473.470833333326,,,,,,,,,,,,,
50522.98333333332,,,,,,,,,,,,,
50573.17407407407,,,,,,,,,,,,,
50619.649999999994,,,,,,,,,,,,,
50672.12063492064,,,,,,,,,,,,,
50720.67916666666,,,,,,,,,,,,,
50772.073015873015,,,,,,,,,,,,,
50820.67638888889,,,,,,,,,,,,,
50872.4611111111,,,,,,,,,,,,,
50921.04074074074,,,,,,,,,,,,,
50972.54074074075,,,,,,,,,,,,,
51021.11851851851,,,,,,,,,,,,,
51072.45185185185,,,,,,,,,,,,,
51121.02037037037,,,,,,,,,,,,,
51172.37592592592,,,,,,,,,,,,,
51221.00555555555,,,,,,,,,,,,,
51272.39444444444,,,,,,,,,,,,,
51321.03703703703,,,,,,,,,,,,,
51371.02037037037,,,,,,,,,,,,,
51423.7619047619,,,,,,,,,,,,,
51473.806666666664,,,,,,,,,,,,,
51521.15138888889,,,,,,,,,,,,,
51573.12592592593,,,,,,,,,,,,,
51625.31527777778,,,,,,,,,,,,,
51673.833333333336,,,,,,,,,,,,,
51722.83209876543,,,,,,,,,,,,,
51773.79333333332,,,,,,,,,,,,,
51821.13888888889,,,,,,,,,,,,,
51873.706666666665,,,,,,,,,,,,,
51921.1,,,,,,,,,,,,,
51973.71555555556,,,,,,,,,,,,,
52023.688888888886,,,,,,,,,,,,,
52073.74222222222,,,,,,,,,,,,,
52121.129166666666,,,,,,,,,,,,,
52173.11666666666,,,,,,,,,,,,,
52223.67619047618,,,,,,,,,,,,,
52273.66444444444,,,,,,,,,,,,,
52321.09027777777,,,,,,,,,,,,,
52373.70444444445,,,,,,,,,,,,,
52423.677777777775,,,,,,,,,,,,,
52473.06296296296,,,,,,,,,,,,,
52523.75694444444,,,,,,,,,,,,,
52573.70444444443,,,,,,,,,,,,,
52623.64920634921,,,,,,,,,,,,,
52673.02407407408,,,,,,,,,,,,,
52722.78765432099,,,,,,,,,,,,,
52773.01851851852,,,,,,,,,,,,,
52822.78024691358,,,,,,,,,,,,,
52873.11481481481,,,,,,,,,,,,,
52922.80864197531,,,,,,,,,,,,,
52973.7,,,,,,,,,,,,,
53019.615277777775,,,,,,,,,,,,,
53069.88333333334,,,,,,,,,,,,,
53109.72962962963,,,,,,,,,,,,,
53173.04444444445,,,,,,,,,,,,,
53736.43333333332,,,,,,,,,,,,,
53769.76666666665,,,,,,,,,,,,,
53803.100000000006,,,,,,,,,,,,,
53856.43333333334,,,,,,,,,,,,,
54069.788888888885,,,,,,,,,,,,,
54103.12222222221,,,,,,,,,,,,,
54436.47777777776,,,,,,,,,,,,,
54469.822222222225,,,,,,,,,,,,,
54519.83888888889,,,,,,,,,,,,,
54569.83333333333,,,,,,,,,,,,,
54919.84444444444,,,,,,,,,,,,,
54969.83333333333,,,,,,,,,,,,,
57770.0,,,,,,,,,,,,,
57820.00555555555,,,,,,,,,,,,,
57870.033333333326,,,,,,,,,,,,,
57920.01111111111,,,,,,,,,,,,,
57970.011111111104,,,,,,,,,,,,,
58020.01666666666,,,,,,,,,,,,,
58070.02222222222,,,,,,,,,,,,,
58120.022222222215,,,,,,,,,,,,,
58170.033333333326,,,,,,,,,,,,,
58220.033333333326,,,,,,,,,,,,,
58270.05555555555,,,,,,,,,,,,,
58320.033333333326,,,,,,,,,,,,,
59620.09999999999,,,,,,,,,,,,,
59670.11111111111,,,,,,,,,,,,,
59720.10555555554,,,,,,,,,,,,,
59770.11111111111,,,,,,,,,,,,,
59820.11666666666,,,,,,,,,,,,,
59870.12222222221,,,,,,,,,,,,,
59903.455555555556,,,,,,,,,,,,,
